category;subcategory;level
Film i Telewizja;Aktorzy Starszego Pokolenia;trudne
Film i Telewizja;Aktorzy Starszego Pokolenia;łatwe
Film i Telewizja;Festiwal w Gdyni;trudne
Film i Telewizja;Festiwal w Gdyni;łatwe
Film i Telewizja;Filmy Animowane;trudne
Film i Telewizja;Filmy Animowane;łatwe
Film i Telewizja;Gwiazdy Hollywood;trudne
Film i Telewizja;Gwiazdy Hollywood;łatwe
Film i Telewizja;Historia Kina;trudne
Film i Telewizja;Historia Kina;łatwe
Film i Telewizja;Horrory i Thrillery;trudne
Film i Telewizja;Horrory i Thrillery;łatwe
Film i Telewizja;Kino Akcji;trudne
Film i Telewizja;Kino Akcji;łatwe
Film i Telewizja;Kino Marvela i DC;trudne
Film i Telewizja;Kino Marvela i DC;łatwe
Film i Telewizja;Komedie Stanisława Barei;trudne
Film i Telewizja;Komedie Stanisława Barei;łatwe
Film i Telewizja;Kultowe Polskie Seriale;trudne
Film i Telewizja;Kultowe Polskie Seriale;łatwe
Film i Telewizja;Muzyka Filmowa;trudne
Film i Telewizja;Muzyka Filmowa;łatwe
Film i Telewizja;Nagrody Oscar;trudne
Film i Telewizja;Nagrody Oscar;łatwe
Film i Telewizja;Polscy Reżyserzy;trudne
Film i Telewizja;Polscy Reżyserzy;łatwe
Film i Telewizja;Programy Rozrywkowe (Show);trudne
Film i Telewizja;Programy Rozrywkowe (Show);łatwe
Film i Telewizja;Seriale Netflix i HBO;trudne
Film i Telewizja;Seriale Netflix i HBO;łatwe
Film i Telewizja;Złote Myśli z Ekranu;trudne
Film i Telewizja;Złote Myśli z Ekranu;łatwe
Geografia i Turystyka;Atrakcje Turystyczne Europy;trudne
Geografia i Turystyka;Atrakcje Turystyczne Europy;łatwe
Geografia i Turystyka;Cuda Świata UNESCO;trudne
Geografia i Turystyka;Cuda Świata UNESCO;łatwe
Geografia i Turystyka;Flagi i Hymny;trudne
Geografia i Turystyka;Flagi i Hymny;łatwe
Geografia i Turystyka;Geologia i Wulkany;trudne
Geografia i Turystyka;Geologia i Wulkany;łatwe
Geografia i Turystyka;Góry Świata;trudne
Geografia i Turystyka;Góry Świata;łatwe
Geografia i Turystyka;Kontynenty i Oceany;trudne
Geografia i Turystyka;Kontynenty i Oceany;łatwe
Geografia i Turystyka;Mapy i Współrzędne;trudne
Geografia i Turystyka;Mapy i Współrzędne;łatwe
Geografia i Turystyka;Orientacja w terenie;trudne
Geografia i Turystyka;Orientacja w terenie;łatwe
Geografia i Turystyka;Parki Narodowe w Polsce;trudne
Geografia i Turystyka;Parki Narodowe w Polsce;łatwe
Geografia i Turystyka;Polskie Wybrzeże;trudne
Geografia i Turystyka;Polskie Wybrzeże;łatwe
Geografia i Turystyka;Pustynie i Dżungle;trudne
Geografia i Turystyka;Pustynie i Dżungle;łatwe
Geografia i Turystyka;Rzeki i Jeziora Polski;trudne
Geografia i Turystyka;Rzeki i Jeziora Polski;łatwe
Geografia i Turystyka;Stolice Świata;trudne
Geografia i Turystyka;Stolice Świata;łatwe
Geografia i Turystyka;Słynne Wyspy;trudne
Geografia i Turystyka;Słynne Wyspy;łatwe
Geografia i Turystyka;Tatry i Podhale;trudne
Geografia i Turystyka;Tatry i Podhale;łatwe
Geografia i Turystyka;Województwa i Miasta Polski;trudne
Geografia i Turystyka;Województwa i Miasta Polski;łatwe
Historia;Chrzest Polski i Piastowie;trudne
Historia;Chrzest Polski i Piastowie;łatwe
Historia;Historia Sportu;trudne
Historia;Historia Sportu;łatwe
Historia;Historia USA;trudne
Historia;Historia USA;łatwe
Historia;II Wojna Światowa;trudne
Historia;II Wojna Światowa;łatwe
Historia;Królowie i Książęta Polski;trudne
Historia;Królowie i Książęta Polski;łatwe
Historia;Polska w czasach PRL;trudne
Historia;Polska w czasach PRL;łatwe
Historia;Powstania Narodowe;trudne
Historia;Powstania Narodowe;łatwe
Historia;Rewolucja Francuska;trudne
Historia;Rewolucja Francuska;łatwe
Historia;Rzeczpospolita Szlachecka;trudne
Historia;Rzeczpospolita Szlachecka;łatwe
Historia;Starożytność i Egipt;trudne
Historia;Starożytność i Egipt;łatwe
Historia;Słynni Dowódcy i Wodzowie;trudne
Historia;Słynni Dowódcy i Wodzowie;łatwe
Historia;Wielkie Odkrycia Geograficzne;trudne
Historia;Wielkie Odkrycia Geograficzne;łatwe
Historia;Współczesna Polska (po 1989);trudne
Historia;Współczesna Polska (po 1989);łatwe
Historia;Zamki i Twierdze;trudne
Historia;Zamki i Twierdze;łatwe
Historia;Zimna Wojna;trudne
Historia;Zimna Wojna;łatwe
Historia;Średniowiecze Europy;trudne
Historia;Średniowiecze Europy;łatwe
Kulinaria i Smaki;Desery i Wypieki;trudne
Kulinaria i Smaki;Desery i Wypieki;łatwe
Kulinaria i Smaki;Kuchnia Amerykańska;trudne
Kulinaria i Smaki;Kuchnia Amerykańska;łatwe
Kulinaria i Smaki;Kuchnia Azjatycka;trudne
Kulinaria i Smaki;Kuchnia Azjatycka;łatwe
Kulinaria i Smaki;Kuchnia Polska Dawniej;trudne
Kulinaria i Smaki;Kuchnia Polska Dawniej;łatwe
Kulinaria i Smaki;Kuchnia Włoska;trudne
Kulinaria i Smaki;Kuchnia Włoska;łatwe
Kulinaria i Smaki;Mięsa i Wędliny;trudne
Kulinaria i Smaki;Mięsa i Wędliny;łatwe
Kulinaria i Smaki;Napoje i Alkohole;trudne
Kulinaria i Smaki;Napoje i Alkohole;łatwe
Kulinaria i Smaki;Owoce i Warzywa;trudne
Kulinaria i Smaki;Owoce i Warzywa;łatwe
Kulinaria i Smaki;Pierogi i Dania Mączne;trudne
Kulinaria i Smaki;Pierogi i Dania Mączne;łatwe
Kulinaria i Smaki;Przyprawy Świata;trudne
Kulinaria i Smaki;Przyprawy Świata;łatwe
Kulinaria i Smaki;Ryby i Owoce Morza;trudne
Kulinaria i Smaki;Ryby i Owoce Morza;łatwe
Kulinaria i Smaki;Sery i Nabiał;trudne
Kulinaria i Smaki;Sery i Nabiał;łatwe
Kulinaria i Smaki;Street Food i Fast Food;trudne
Kulinaria i Smaki;Street Food i Fast Food;łatwe
Kulinaria i Smaki;Słodycze i Przekąski;trudne
Kulinaria i Smaki;Słodycze i Przekąski;łatwe
Kulinaria i Smaki;Słynni Szefowie Kuchni;trudne
Kulinaria i Smaki;Słynni Szefowie Kuchni;łatwe
Kulinaria i Smaki;Tradycyjne Zupy Polskie;trudne
Kulinaria i Smaki;Tradycyjne Zupy Polskie;łatwe
Literatura i Język;Eposy i Dramaty;trudne
Literatura i Język;Eposy i Dramaty;łatwe
Literatura i Język;Fantasy i Sci-Fi;trudne
Literatura i Język;Fantasy i Sci-Fi;łatwe
Literatura i Język;Gramatyka i Ortografia;trudne
Literatura i Język;Gramatyka i Ortografia;łatwe
Literatura i Język;Gwara i Dialekty;trudne
Literatura i Język;Gwara i Dialekty;łatwe
Literatura i Język;Języki Obce;trudne
Literatura i Język;Języki Obce;łatwe
Literatura i Język;Klasyka Światowa;trudne
Literatura i Język;Klasyka Światowa;łatwe
Literatura i Język;Komiksy i Powieści Graficzne;trudne
Literatura i Język;Komiksy i Powieści Graficzne;łatwe
Literatura i Język;Kryminały i Thrillery;trudne
Literatura i Język;Kryminały i Thrillery;łatwe
Literatura i Język;Lektury Szkolne;trudne
Literatura i Język;Lektury Szkolne;łatwe
Literatura i Język;Literatura Dziecięca;trudne
Literatura i Język;Literatura Dziecięca;łatwe
Literatura i Język;Mitologia w Literaturze;trudne
Literatura i Język;Mitologia w Literaturze;łatwe
Literatura i Język;Poezja Polska;trudne
Literatura i Język;Poezja Polska;łatwe
Literatura i Język;Polscy Nobliści;trudne
Literatura i Język;Polscy Nobliści;łatwe
Literatura i Język;Przysłowia i Powiedzenia;trudne
Literatura i Język;Przysłowia i Powiedzenia;łatwe
Literatura i Język;Słynne Cytaty Literackie;trudne
Literatura i Język;Słynne Cytaty Literackie;łatwe
Literatura i Język;Współcześni Pisarze Polscy;trudne
Literatura i Język;Współcześni Pisarze Polscy;łatwe
Motoryzacja i Transport;Budowa Samochodu;trudne
Motoryzacja i Transport;Budowa Samochodu;łatwe
Motoryzacja i Transport;Ekologia w Motoryzacji;trudne
Motoryzacja i Transport;Ekologia w Motoryzacji;łatwe
Motoryzacja i Transport;Formuła 1 i Motorsport;trudne
Motoryzacja i Transport;Formuła 1 i Motorsport;łatwe
Motoryzacja i Transport;Historia Motoryzacji;trudne
Motoryzacja i Transport;Historia Motoryzacji;łatwe
Motoryzacja i Transport;Infrastruktura Drogowa;trudne
Motoryzacja i Transport;Infrastruktura Drogowa;łatwe
Motoryzacja i Transport;Kolejnictwo i Pociągi;trudne
Motoryzacja i Transport;Kolejnictwo i Pociągi;łatwe
Motoryzacja i Transport;Kultowe Auta PRL;trudne
Motoryzacja i Transport;Kultowe Auta PRL;łatwe
Motoryzacja i Transport;Lotnictwo i Samoloty;trudne
Motoryzacja i Transport;Lotnictwo i Samoloty;łatwe
Motoryzacja i Transport;Marki Samochodów;trudne
Motoryzacja i Transport;Marki Samochodów;łatwe
Motoryzacja i Transport;Pojazdy Dwukołowe;trudne
Motoryzacja i Transport;Pojazdy Dwukołowe;łatwe
Motoryzacja i Transport;Przepisy Drogowe;trudne
Motoryzacja i Transport;Przepisy Drogowe;łatwe
Motoryzacja i Transport;Statki i Transport Wodny;trudne
Motoryzacja i Transport;Statki i Transport Wodny;łatwe
Motoryzacja i Transport;Słynne Trasy i Mosty;trudne
Motoryzacja i Transport;Słynne Trasy i Mosty;łatwe
Motoryzacja i Transport;Transport Miejski;trudne
Motoryzacja i Transport;Transport Miejski;łatwe
Motoryzacja i Transport;Wynalazki Transportowe;trudne
Motoryzacja i Transport;Wynalazki Transportowe;łatwe
Motoryzacja i Transport;Wyposażenie Samochodu;trudne
Motoryzacja i Transport;Wyposażenie Samochodu;łatwe
Muzyka;Disco Polo i Biesiada;trudne
Muzyka;Disco Polo i Biesiada;łatwe
Muzyka;Festiwal w Opolu i Sopocie;trudne
Muzyka;Festiwal w Opolu i Sopocie;łatwe
Muzyka;Fryderyk Chopin i Klasyka;trudne
Muzyka;Fryderyk Chopin i Klasyka;łatwe
Muzyka;Hip-hop i Rap (Polska);trudne
Muzyka;Hip-hop i Rap (Polska);łatwe
Muzyka;Hymny i Pieśni Patriotyczne;trudne
Muzyka;Hymny i Pieśni Patriotyczne;łatwe
Muzyka;Instrumenty Muzyczne;trudne
Muzyka;Instrumenty Muzyczne;łatwe
Muzyka;Jazz i Blues;trudne
Muzyka;Jazz i Blues;łatwe
Muzyka;Konkurs Eurowizji;trudne
Muzyka;Konkurs Eurowizji;łatwe
Muzyka;Legendarne Zespoły;trudne
Muzyka;Legendarne Zespoły;łatwe
Muzyka;Muzyka Elektroniczna;trudne
Muzyka;Muzyka Elektroniczna;łatwe
Muzyka;Polska Muzyka Alternatywna;trudne
Muzyka;Polska Muzyka Alternatywna;łatwe
Muzyka;Polski Rock;trudne
Muzyka;Polski Rock;łatwe
Muzyka;Teksty Piosenek;trudne
Muzyka;Teksty Piosenek;łatwe
Muzyka;Teledyski i MTV;trudne
Muzyka;Teledyski i MTV;łatwe
Muzyka;Wielkie Gwiazdy Estrady;trudne
Muzyka;Wielkie Gwiazdy Estrady;łatwe
Muzyka;Światowy Pop;trudne
Muzyka;Światowy Pop;łatwe
Nauka i Odkrycia;Anatomia Człowieka;trudne
Nauka i Odkrycia;Anatomia Człowieka;łatwe
Nauka i Odkrycia;Fizyka w Codzienności;trudne
Nauka i Odkrycia;Fizyka w Codzienności;łatwe
Nauka i Odkrycia;Maria Skłodowska-Curie;trudne
Nauka i Odkrycia;Maria Skłodowska-Curie;łatwe
Nauka i Odkrycia;Matematyka i Logika;trudne
Nauka i Odkrycia;Matematyka i Logika;łatwe
Nauka i Odkrycia;Medycyna i Zdrowie;trudne
Nauka i Odkrycia;Medycyna i Zdrowie;łatwe
Nauka i Odkrycia;Mikołaj Kopernik i Kosmos;trudne
Nauka i Odkrycia;Mikołaj Kopernik i Kosmos;łatwe
Nauka i Odkrycia;Polscy Wynalazcy;trudne
Nauka i Odkrycia;Polscy Wynalazcy;łatwe
Nauka i Odkrycia;Tablica Mendelejewa;trudne
Nauka i Odkrycia;Tablica Mendelejewa;łatwe
Nauka i Odkrycia;Układ Słoneczny;trudne
Nauka i Odkrycia;Układ Słoneczny;łatwe
Nauka i Odkrycia;Wynalazki, które zmieniły świat;trudne
Nauka i Odkrycia;Wynalazki, które zmieniły świat;łatwe
Przyroda i Biologia;Biologia Komórki;trudne
Przyroda i Biologia;Biologia Komórki;łatwe
Przyroda i Biologia;Genetyka;trudne
Przyroda i Biologia;Genetyka;łatwe
Przyroda i Biologia;Leśnictwo i Łowiectwo;trudne
Przyroda i Biologia;Leśnictwo i Łowiectwo;łatwe
Przyroda i Biologia;Ochrona Gatunkowa;trudne
Przyroda i Biologia;Ochrona Gatunkowa;łatwe
Przyroda i Biologia;Zjawiska Atmosferyczne;trudne
Przyroda i Biologia;Zjawiska Atmosferyczne;łatwe
Przyroda i Biologia;Świat Mikrobów;trudne
Przyroda i Biologia;Świat Mikrobów;łatwe
Rozrywka i Popkultura;Anime i Manga;trudne
Rozrywka i Popkultura;Anime i Manga;łatwe
Rozrywka i Popkultura;Festiwale Muzyczne;trudne
Rozrywka i Popkultura;Festiwale Muzyczne;łatwe
Rozrywka i Popkultura;Gry Planszowe i Karciane;trudne
Rozrywka i Popkultura;Gry Planszowe i Karciane;łatwe
Rozrywka i Popkultura;Gwiazdy Muzyki Pop;trudne
Rozrywka i Popkultura;Gwiazdy Muzyki Pop;łatwe
Rozrywka i Popkultura;Gwiezdne Wojny;trudne
Rozrywka i Popkultura;Gwiezdne Wojny;łatwe
Rozrywka i Popkultura;Klasyka Kina;trudne
Rozrywka i Popkultura;Klasyka Kina;łatwe
Rozrywka i Popkultura;Komiksy Marvela;trudne
Rozrywka i Popkultura;Komiksy Marvela;łatwe
Rozrywka i Popkultura;Kreskówki z Dzieciństwa;trudne
Rozrywka i Popkultura;Kreskówki z Dzieciństwa;łatwe
Rozrywka i Popkultura;Książki i Literatura Bestsellerowa;trudne
Rozrywka i Popkultura;Książki i Literatura Bestsellerowa;łatwe
Rozrywka i Popkultura;Kultowe Seriale TV;trudne
Rozrywka i Popkultura;Kultowe Seriale TV;łatwe
Rozrywka i Popkultura;Nagrody i Gale;trudne
Rozrywka i Popkultura;Nagrody i Gale;łatwe
Rozrywka i Popkultura;Słynne Memy i Internet;trudne
Rozrywka i Popkultura;Słynne Memy i Internet;łatwe
Rozrywka i Popkultura;Słynni Reżyserzy;trudne
Rozrywka i Popkultura;Słynni Reżyserzy;łatwe
Rozrywka i Popkultura;Uniwersum DC;trudne
Rozrywka i Popkultura;Uniwersum DC;łatwe
Rozrywka i Popkultura;Władca Pierścieni;trudne
Rozrywka i Popkultura;Władca Pierścieni;łatwe
Rozrywka i Popkultura;Świat Harry'ego Pottera;trudne
Rozrywka i Popkultura;Świat Harry'ego Pottera;łatwe
Sport;Boks i MMA (KSW);trudne
Sport;Boks i MMA (KSW);łatwe
Sport;Formuła 1 i Robert Kubica;trudne
Sport;Formuła 1 i Robert Kubica;łatwe
Sport;Igrzyska Olimpijskie;trudne
Sport;Igrzyska Olimpijskie;łatwe
Sport;Kolarstwo i Tour de Pologne;trudne
Sport;Kolarstwo i Tour de Pologne;łatwe
Sport;Koszykówka i NBA;trudne
Sport;Koszykówka i NBA;łatwe
Sport;Legendarni Sportowcy;trudne
Sport;Legendarni Sportowcy;łatwe
Sport;Lekkoatletyka;trudne
Sport;Lekkoatletyka;łatwe
Sport;Piłka Nożna - Ekstraklasa;trudne
Sport;Piłka Nożna - Ekstraklasa;łatwe
Sport;Reprezentacja Polski;trudne
Sport;Reprezentacja Polski;łatwe
Sport;Siatkówka - Sukcesy Polaków;trudne
Sport;Siatkówka - Sukcesy Polaków;łatwe
Sport;Skoki Narciarskie;trudne
Sport;Skoki Narciarskie;łatwe
Sport;Sporty Motorowe;trudne
Sport;Sporty Motorowe;łatwe
Sport;Sporty Zimowe;trudne
Sport;Sporty Zimowe;łatwe
Sport;Stadiony i Obiekty;trudne
Sport;Stadiony i Obiekty;łatwe
Sport;Tenis i Iga Świątek;trudne
Sport;Tenis i Iga Świątek;łatwe
Sport;Zasady i Przepisy Gier;trudne
Sport;Zasady i Przepisy Gier;łatwe
Społeczeństwo i Prawo;Dokumenty Osobiste;trudne
Społeczeństwo i Prawo;Dokumenty Osobiste;łatwe
Społeczeństwo i Prawo;Edukacja i Szkolnictwo;trudne
Społeczeństwo i Prawo;Edukacja i Szkolnictwo;łatwe
Społeczeństwo i Prawo;Instytucje Państwowe;trudne
Społeczeństwo i Prawo;Instytucje Państwowe;łatwe
Społeczeństwo i Prawo;Konstytucja RP;trudne
Społeczeństwo i Prawo;Konstytucja RP;łatwe
Społeczeństwo i Prawo;Media i Dziennikarstwo;trudne
Społeczeństwo i Prawo;Media i Dziennikarstwo;łatwe
Społeczeństwo i Prawo;Organizacje Międzynarodowe;trudne
Społeczeństwo i Prawo;Organizacje Międzynarodowe;łatwe
Społeczeństwo i Prawo;Podatki i Finanse;trudne
Społeczeństwo i Prawo;Podatki i Finanse;łatwe
Społeczeństwo i Prawo;Prawa Człowieka;trudne
Społeczeństwo i Prawo;Prawa Człowieka;łatwe
Społeczeństwo i Prawo;Prawo Karne i Sądowe;trudne
Społeczeństwo i Prawo;Prawo Karne i Sądowe;łatwe
Społeczeństwo i Prawo;Rynek Pracy;trudne
Społeczeństwo i Prawo;Rynek Pracy;łatwe
Społeczeństwo i Prawo;Systemy Polityczne;trudne
Społeczeństwo i Prawo;Systemy Polityczne;łatwe
Społeczeństwo i Prawo;Służby Mundurowe;trudne
Społeczeństwo i Prawo;Służby Mundurowe;łatwe
Społeczeństwo i Prawo;Unia Europejska;trudne
Społeczeństwo i Prawo;Unia Europejska;łatwe
Społeczeństwo i Prawo;Ustrój Samorządowy;trudne
Społeczeństwo i Prawo;Ustrój Samorządowy;łatwe
Społeczeństwo i Prawo;Wybory i Głosowanie;trudne
Społeczeństwo i Prawo;Wybory i Głosowanie;łatwe
Społeczeństwo i Prawo;Władza w Polsce;trudne
Społeczeństwo i Prawo;Władza w Polsce;łatwe
Sztuka i Architektura;Architektura Sakralna;trudne
Sztuka i Architektura;Architektura Sakralna;łatwe
Sztuka i Architektura;Fotografia i Sztuka Cyfrowa;trudne
Sztuka i Architektura;Fotografia i Sztuka Cyfrowa;łatwe
Sztuka i Architektura;Impresjonizm;trudne
Sztuka i Architektura;Impresjonizm;łatwe
Sztuka i Architektura;Muzea i Galerie Sztuki;trudne
Sztuka i Architektura;Muzea i Galerie Sztuki;łatwe
Sztuka i Architektura;Najdroższe Obrazy Świata;trudne
Sztuka i Architektura;Najdroższe Obrazy Świata;łatwe
Sztuka i Architektura;Polscy Malarze;trudne
Sztuka i Architektura;Polscy Malarze;łatwe
Sztuka i Architektura;Polska Sztuka Ludowa;trudne
Sztuka i Architektura;Polska Sztuka Ludowa;łatwe
Sztuka i Architektura;Starożytność i Antyk;trudne
Sztuka i Architektura;Starożytność i Antyk;łatwe
Sztuka i Architektura;Style Architektoniczne;trudne
Sztuka i Architektura;Style Architektoniczne;łatwe
Sztuka i Architektura;Sztuka Orientu;trudne
Sztuka i Architektura;Sztuka Orientu;łatwe
Sztuka i Architektura;Sztuka Współczesna i Street Art;trudne
Sztuka i Architektura;Sztuka Współczesna i Street Art;łatwe
Sztuka i Architektura;Słynne Budowle Świata;trudne
Sztuka i Architektura;Słynne Budowle Świata;łatwe
Sztuka i Architektura;Słynne Rzeźby i Pomniki;trudne
Sztuka i Architektura;Słynne Rzeźby i Pomniki;łatwe
Sztuka i Architektura;Słynni Malarze;trudne
Sztuka i Architektura;Słynni Malarze;łatwe
Sztuka i Architektura;Teatr i Opera;trudne
Sztuka i Architektura;Teatr i Opera;łatwe
Sztuka i Architektura;Zamki i Pałace Polski;trudne
Sztuka i Architektura;Zamki i Pałace Polski;łatwe
Technologie i IT;Cyberbezpieczeństwo;trudne
Technologie i IT;Cyberbezpieczeństwo;łatwe
Technologie i IT;Ewolucja Nośników Danych;trudne
Technologie i IT;Ewolucja Nośników Danych;łatwe
Technologie i IT;Giganci Technologiczni;trudne
Technologie i IT;Giganci Technologiczni;łatwe
Technologie i IT;Gry Wideo i Konsole;trudne
Technologie i IT;Gry Wideo i Konsole;łatwe
Technologie i IT;Historia Komputerów;trudne
Technologie i IT;Historia Komputerów;łatwe
Technologie i IT;Internet i WWW;trudne
Technologie i IT;Internet i WWW;łatwe
Technologie i IT;Języki Programowania;trudne
Technologie i IT;Języki Programowania;łatwe
Technologie i IT;Kryptowaluty i Blockchain;trudne
Technologie i IT;Kryptowaluty i Blockchain;łatwe
Technologie i IT;Media Społecznościowe;trudne
Technologie i IT;Media Społecznościowe;łatwe
Technologie i IT;Rozwój Robotyki i AI;trudne
Technologie i IT;Rozwój Robotyki i AI;łatwe
Technologie i IT;Smartfony i Urządzenia Mobilne;trudne
Technologie i IT;Smartfony i Urządzenia Mobilne;łatwe
Technologie i IT;Sprzęt Komputerowy (Hardware);trudne
Technologie i IT;Sprzęt Komputerowy (Hardware);łatwe
Technologie i IT;Streaming i VOD;trudne
Technologie i IT;Streaming i VOD;łatwe
Technologie i IT;Systemy Operacyjne;trudne
Technologie i IT;Systemy Operacyjne;łatwe
Technologie i IT;Słynne Wirusy i Ataki Hakerskie;trudne
Technologie i IT;Słynne Wirusy i Ataki Hakerskie;łatwe
Technologie i IT;Technologie Przyszłości;trudne
Technologie i IT;Technologie Przyszłości;łatwe
Tradycje i Religie;Biblia i Postacie Biblijne;trudne
Tradycje i Religie;Biblia i Postacie Biblijne;łatwe
Tradycje i Religie;Bogowie Starożytnego Egiptu;trudne
Tradycje i Religie;Bogowie Starożytnego Egiptu;łatwe
Tradycje i Religie;Buddyzm i Hinduizm;trudne
Tradycje i Religie;Buddyzm i Hinduizm;łatwe
Tradycje i Religie;Mitologia Grecka i Rzymska;trudne
Tradycje i Religie;Mitologia Grecka i Rzymska;łatwe
Tradycje i Religie;Mitologia Nordycka;trudne
Tradycje i Religie;Mitologia Nordycka;łatwe
Tradycje i Religie;Obrzędy Przejścia;trudne
Tradycje i Religie;Obrzędy Przejścia;łatwe
Tradycje i Religie;Polskie Zwyczaje Ludowe;trudne
Tradycje i Religie;Polskie Zwyczaje Ludowe;łatwe
Tradycje i Religie;Postacie Mityczne;trudne
Tradycje i Religie;Postacie Mityczne;łatwe
Tradycje i Religie;Religie Świata: Chrześcijaństwo;trudne
Tradycje i Religie;Religie Świata: Chrześcijaństwo;łatwe
Tradycje i Religie;Religie Świata: Islam;trudne
Tradycje i Religie;Religie Świata: Islam;łatwe
Tradycje i Religie;Religie Świata: Judaizm;trudne
Tradycje i Religie;Religie Świata: Judaizm;łatwe
Tradycje i Religie;Wielkanoc w Polsce;trudne
Tradycje i Religie;Wielkanoc w Polsce;łatwe
Tradycje i Religie;Wierzenia Słowian;trudne
Tradycje i Religie;Wierzenia Słowian;łatwe
Tradycje i Religie;Wierzenia i Zabobony;trudne
Tradycje i Religie;Wierzenia i Zabobony;łatwe
Tradycje i Religie;Święta Bożego Narodzenia;trudne
Tradycje i Religie;Święta Bożego Narodzenia;łatwe
Tradycje i Religie;Święta w innych kulturach;trudne
Tradycje i Religie;Święta w innych kulturach;łatwe
Wiedza Ogólna i Ciekawostki;Ciało Człowieka;trudne
Wiedza Ogólna i Ciekawostki;Ciało Człowieka;łatwe
Wiedza Ogólna i Ciekawostki;Cuda Świata;trudne
Wiedza Ogólna i Ciekawostki;Cuda Świata;łatwe
Wiedza Ogólna i Ciekawostki;Jednostki Miar i Wag;trudne
Wiedza Ogólna i Ciekawostki;Jednostki Miar i Wag;łatwe
Wiedza Ogólna i Ciekawostki;Kosmos i Eksploracja;trudne
Wiedza Ogólna i Ciekawostki;Kosmos i Eksploracja;łatwe
Wiedza Ogólna i Ciekawostki;Mity i Fakty;trudne
Wiedza Ogólna i Ciekawostki;Mity i Fakty;łatwe
Wiedza Ogólna i Ciekawostki;Nagrody Nobla;trudne
Wiedza Ogólna i Ciekawostki;Nagrody Nobla;łatwe
Wiedza Ogólna i Ciekawostki;Pierwiastki i Chemia;trudne
Wiedza Ogólna i Ciekawostki;Pierwiastki i Chemia;łatwe
Wiedza Ogólna i Ciekawostki;Przysłowia i Powiedzenia;trudne
Wiedza Ogólna i Ciekawostki;Przysłowia i Powiedzenia;łatwe
Wiedza Ogólna i Ciekawostki;Rekordy Guinnessa;trudne
Wiedza Ogólna i Ciekawostki;Rekordy Guinnessa;łatwe
Wiedza Ogólna i Ciekawostki;Stolice Świata;trudne
Wiedza Ogólna i Ciekawostki;Stolice Świata;łatwe
Wiedza Ogólna i Ciekawostki;Słynne Cytaty;trudne
Wiedza Ogólna i Ciekawostki;Słynne Cytaty;łatwe
Wiedza Ogólna i Ciekawostki;Słynni Odkrywcy;trudne
Wiedza Ogólna i Ciekawostki;Słynni Odkrywcy;łatwe
Wiedza Ogólna i Ciekawostki;Tajemnice Świata;trudne
Wiedza Ogólna i Ciekawostki;Tajemnice Świata;łatwe
Wiedza Ogólna i Ciekawostki;Wynalazki Codziennego Użytku;trudne
Wiedza Ogólna i Ciekawostki;Wynalazki Codziennego Użytku;łatwe
Wiedza Ogólna i Ciekawostki;Zjawiska Pogodowe;trudne
Wiedza Ogólna i Ciekawostki;Zjawiska Pogodowe;łatwe
Wiedza Ogólna i Ciekawostki;Świat Finansów;trudne
Wiedza Ogólna i Ciekawostki;Świat Finansów;łatwe
